[
  {
    "id": "e14ac50b-e74b-4249-a7bb-e12dca92535e",
    "data": [
      {
        "text": "파이썬",
        "alias": "book",
        "meta": "@sys.any",
        "userDefined": true
      },
      {
        "text": " ",
        "userDefined": false
      },
      {
        "text": "책",
        "meta": "@sys.ignore",
        "userDefined": false
      },
      {
        "text": " 검색",
        "userDefined": false
      }
    ],
    "isTemplate": false,
    "count": 0,
    "updated": 0
  },
  {
    "id": "c9c8b84f-5cee-4395-a361-fabd080687a6",
    "data": [
      {
        "text": "파이썬",
        "alias": "book",
        "meta": "@sys.any",
        "userDefined": true
      },
      {
        "text": " ",
        "userDefined": false
      },
      {
        "text": "도서",
        "meta": "@sys.ignore",
        "userDefined": false
      }
    ],
    "isTemplate": false,
    "count": 0,
    "updated": 0
  },
  {
    "id": "98276ade-dd7d-4afc-81d3-79c195f6d468",
    "data": [
      {
        "text": "파이썬",
        "alias": "book",
        "meta": "@sys.any",
        "userDefined": true
      },
      {
        "text": " ",
        "userDefined": false
      },
      {
        "text": "도서",
        "meta": "@sys.ignore",
        "userDefined": false
      },
      {
        "text": " 검색",
        "userDefined": false
      }
    ],
    "isTemplate": false,
    "count": 0,
    "updated": 0
  },
  {
    "id": "4d365574-901d-488e-84be-07b3c58abdbb",
    "data": [
      {
        "text": "파이썬",
        "alias": "book",
        "meta": "@sys.any",
        "userDefined": true
      },
      {
        "text": " ",
        "userDefined": false
      },
      {
        "text": "도서",
        "meta": "@sys.ignore",
        "userDefined": false
      },
      {
        "text": " 검색 해줘",
        "userDefined": false
      }
    ],
    "isTemplate": false,
    "count": 0,
    "updated": 0
  },
  {
    "id": "b52f4b25-0404-477d-af87-6685789bf7b4",
    "data": [
      {
        "text": "파이썬",
        "alias": "book",
        "meta": "@sys.any",
        "userDefined": true
      },
      {
        "text": " ",
        "userDefined": false
      },
      {
        "text": "책",
        "meta": "@sys.ignore",
        "userDefined": false
      }
    ],
    "isTemplate": false,
    "count": 0,
    "updated": 0
  },
  {
    "id": "ac9d9bca-8ef7-4731-85ce-ea0e9c2b1cb3",
    "data": [
      {
        "text": "파이썬",
        "alias": "book",
        "meta": "@sys.any",
        "userDefined": true
      },
      {
        "text": " ",
        "userDefined": false
      },
      {
        "text": "책",
        "meta": "@sys.ignore",
        "userDefined": false
      },
      {
        "text": " 검색해줘",
        "userDefined": false
      }
    ],
    "isTemplate": false,
    "count": 0,
    "updated": 0
  }
]