[
  {
    "id": "2f17d02c-2a04-472b-8a61-ff1a76fc5b82",
    "data": [
      {
        "text": "오랜만이야",
        "userDefined": false
      }
    ],
    "isTemplate": false,
    "count": 0,
    "updated": 0
  },
  {
    "id": "b7452cba-f81d-4d59-b443-17aa0581bdda",
    "data": [
      {
        "text": "안녕",
        "userDefined": false
      }
    ],
    "isTemplate": false,
    "count": 0,
    "updated": 0
  },
  {
    "id": "40351d15-8b98-4939-89d8-7a484d964c9d",
    "data": [
      {
        "text": "저기",
        "userDefined": false
      }
    ],
    "isTemplate": false,
    "count": 0,
    "updated": 0
  },
  {
    "id": "b379e1a7-972c-436e-9a6d-161bb6828775",
    "data": [
      {
        "text": "잘 있었어",
        "userDefined": false
      }
    ],
    "isTemplate": false,
    "count": 0,
    "updated": 0
  },
  {
    "id": "3c955b44-2a54-432c-86c2-b11a1dd18b58",
    "data": [
      {
        "text": "반가워",
        "userDefined": false
      }
    ],
    "isTemplate": false,
    "count": 0,
    "updated": 0
  },
  {
    "id": "01fa94dd-b0d4-4b75-ac7f-62e14e87d6bf",
    "data": [
      {
        "text": "오랜만",
        "userDefined": false
      }
    ],
    "isTemplate": false,
    "count": 0,
    "updated": 0
  },
  {
    "id": "08fe0ef6-3045-43b5-adfa-462d95144152",
    "data": [
      {
        "text": "어떻게 지냈어",
        "userDefined": false
      }
    ],
    "isTemplate": false,
    "count": 0,
    "updated": 0
  },
  {
    "id": "1bb03ad7-60ea-4682-a98b-fa0a10f6b2d1",
    "data": [
      {
        "text": "잘 지냈니",
        "userDefined": false
      }
    ],
    "isTemplate": false,
    "count": 0,
    "updated": 0
  },
  {
    "id": "206cf9b2-835f-4b6e-98a7-c411b41046b4",
    "data": [
      {
        "text": "오늘 어때",
        "userDefined": false
      }
    ],
    "isTemplate": false,
    "count": 0,
    "updated": 0
  }
]