[
  {
    "id": "e24c4a58-9fce-4a62-b38e-91a98a4c315c",
    "data": [
      {
        "text": "아니",
        "userDefined": false
      }
    ],
    "isTemplate": false,
    "count": 3,
    "updated": 0
  },
  {
    "id": "d5e07d5b-ebd2-41b1-a958-d0adc652a99d",
    "data": [
      {
        "text": "고맙지만 됐어",
        "userDefined": false
      }
    ],
    "isTemplate": false,
    "count": 2,
    "updated": 0
  },
  {
    "id": "3ab9a03e-35d6-4963-97ec-1e07e3e8bd87",
    "data": [
      {
        "text": "그건 아니지",
        "userDefined": false
      }
    ],
    "isTemplate": false,
    "count": 2,
    "updated": 0
  },
  {
    "id": "8fd09810-d02f-41d0-9c6e-382ceafee5be",
    "data": [
      {
        "text": "절대 아니야",
        "userDefined": false
      }
    ],
    "isTemplate": false,
    "count": 1,
    "updated": 0
  },
  {
    "id": "c887000d-036b-4cd7-a4f8-677ac440d360",
    "data": [
      {
        "text": "관심 없어",
        "userDefined": false
      }
    ],
    "isTemplate": false,
    "count": 3,
    "updated": 0
  },
  {
    "id": "46b716ea-0301-41df-a77f-d90a5826b301",
    "data": [
      {
        "text": "싫어",
        "userDefined": false
      }
    ],
    "isTemplate": false,
    "count": 2,
    "updated": 0
  },
  {
    "id": "8ea18b99-158f-4326-b2c8-d0712a973455",
    "data": [
      {
        "text": "아닌 것 같아",
        "userDefined": false
      }
    ],
    "isTemplate": false,
    "count": 0,
    "updated": 0
  },
  {
    "id": "1cc6d35f-a9fe-4db0-a1ba-91d70232d2c9",
    "data": [
      {
        "text": "하지 마",
        "userDefined": false
      }
    ],
    "isTemplate": false,
    "count": 0,
    "updated": 0
  },
  {
    "id": "22595b85-f69e-4544-8a24-94058ce813fd",
    "data": [
      {
        "text": "내 생각은 달라",
        "userDefined": false
      }
    ],
    "isTemplate": false,
    "count": 1,
    "updated": 0
  }
]