[
  {
    "id": "947c3d75-f7a0-4939-9963-209aea491354",
    "data": [
      {
        "text": "콜라",
        "alias": "beverage",
        "meta": "@beverage",
        "userDefined": true
      }
    ],
    "isTemplate": false,
    "count": 0,
    "updated": 0
  },
  {
    "id": "63c12fa6-28ae-409a-86bd-e1130fdf5deb",
    "data": [
      {
        "text": "사이다",
        "alias": "beverage",
        "meta": "@beverage",
        "userDefined": true
      }
    ],
    "isTemplate": false,
    "count": 0,
    "updated": 0
  },
  {
    "id": "981eddbe-e247-4bb3-8e65-68ab6cffa7b0",
    "data": [
      {
        "text": "사이다",
        "alias": "beverage",
        "meta": "@beverage",
        "userDefined": true
      },
      {
        "text": " ",
        "userDefined": false
      },
      {
        "text": "두",
        "alias": "number",
        "meta": "@sys.number",
        "userDefined": true
      },
      {
        "text": "개",
        "userDefined": false
      }
    ],
    "isTemplate": false,
    "count": 0,
    "updated": 0
  },
  {
    "id": "998eb71f-4015-4d3c-9b9f-51c5deef7ba8",
    "data": [
      {
        "text": "콜라",
        "alias": "beverage",
        "meta": "@beverage",
        "userDefined": true
      },
      {
        "text": " ",
        "userDefined": false
      },
      {
        "text": "한",
        "alias": "number",
        "meta": "@sys.number",
        "userDefined": true
      },
      {
        "text": "개",
        "userDefined": false
      }
    ],
    "isTemplate": false,
    "count": 0,
    "updated": 0
  }
]