[
  {
    "id": "b9c82ffc-8b5b-4cb5-aa22-73c99a07cf5f",
    "data": [
      {
        "text": "서울시 마포구",
        "alias": "address",
        "meta": "@sys.any",
        "userDefined": true
      },
      {
        "text": "로 보내줘",
        "userDefined": false
      }
    ],
    "isTemplate": false,
    "count": 0,
    "updated": 0
  },
  {
    "id": "4cf47f25-9d92-4cd4-ac1c-1969b101f30d",
    "data": [
      {
        "text": "서울시 마포구",
        "alias": "address",
        "meta": "@sys.any",
        "userDefined": true
      },
      {
        "text": "로",
        "userDefined": false
      }
    ],
    "isTemplate": false,
    "count": 0,
    "updated": 0
  },
  {
    "id": "5b84c018-6fa0-47ae-9701-fea136a8f0a7",
    "data": [
      {
        "text": "서울시 마포구",
        "alias": "address",
        "meta": "@sys.any",
        "userDefined": true
      },
      {
        "text": "로 배송",
        "userDefined": false
      }
    ],
    "isTemplate": false,
    "count": 0,
    "updated": 0
  },
  {
    "id": "cc2965ab-3220-45b2-b2f6-248c2e96882b",
    "data": [
      {
        "text": "주소는 ",
        "userDefined": false
      },
      {
        "text": "서울시 마포구",
        "alias": "address",
        "meta": "@sys.any",
        "userDefined": true
      }
    ],
    "isTemplate": false,
    "count": 0,
    "updated": 0
  },
  {
    "id": "0692244e-86e4-431a-8350-eb90a3256c00",
    "data": [
      {
        "text": "서울시 마포구",
        "alias": "address",
        "meta": "@sys.any",
        "userDefined": true
      },
      {
        "text": "로 배달해줘",
        "userDefined": false
      }
    ],
    "isTemplate": false,
    "count": 0,
    "updated": 0
  },
  {
    "id": "065ba144-1227-405b-8d84-b256b61c9e90",
    "data": [
      {
        "text": "서울시 마포구",
        "alias": "address",
        "meta": "@sys.any",
        "userDefined": true
      },
      {
        "text": "로 배달",
        "userDefined": false
      }
    ],
    "isTemplate": false,
    "count": 0,
    "updated": 0
  }
]