[
  {
    "id": "1a717d8d-40f1-4f69-a23d-a9196684cd5a",
    "data": [
      {
        "text": "서울시 마포구",
        "alias": "address",
        "meta": "@sys.any",
        "userDefined": true
      },
      {
        "text": "로 보내줘",
        "userDefined": false
      }
    ],
    "isTemplate": false,
    "count": 0,
    "updated": 0
  },
  {
    "id": "196a1735-d31f-4037-b2b9-81352b5ff7e3",
    "data": [
      {
        "text": "서울시 마포구",
        "alias": "address",
        "meta": "@sys.any",
        "userDefined": true
      },
      {
        "text": "로",
        "userDefined": false
      }
    ],
    "isTemplate": false,
    "count": 0,
    "updated": 0
  },
  {
    "id": "86444a64-4fbe-4f28-a5b0-d26364fbc56d",
    "data": [
      {
        "text": "서울시 마포구",
        "alias": "address",
        "meta": "@sys.any",
        "userDefined": true
      },
      {
        "text": "로 배달",
        "userDefined": false
      }
    ],
    "isTemplate": false,
    "count": 0,
    "updated": 0
  },
  {
    "id": "bdf7af8c-74dd-44e9-8c75-f26876ab513f",
    "data": [
      {
        "text": "서울시 마포구",
        "alias": "address",
        "meta": "@sys.any",
        "userDefined": true
      },
      {
        "text": "로 배달해줘",
        "userDefined": false
      }
    ],
    "isTemplate": false,
    "count": 0,
    "updated": 0
  },
  {
    "id": "18fc9f10-b6fe-406f-8deb-bab66aa3f6af",
    "data": [
      {
        "text": "주소는 ",
        "userDefined": false
      },
      {
        "text": "서울시 마포구",
        "alias": "address",
        "meta": "@sys.any",
        "userDefined": true
      }
    ],
    "isTemplate": false,
    "count": 0,
    "updated": 0
  }
]